Metro Area,Total,Less than 5 minutes,5 to 9 minutes,10 to 14 minutes,15 to 19 minutes,20 to 24 minutes,25 to 29 minutes,30 to 34 minutes,35 to 39 minutes,40 to 44 minutes,45 to 59 minutes,60 to 89 minutes,90 or more minutes,Year
"Beaumont-Port Arthur, TX Metro Area",165618,5830,17726,29723,25882,31265,7174,24095,1796,4685,6694,7626,3122,2015
"Beaver Dam, WI Micro Area",41695,2342,7015,6032,4638,4241,2840,5064,1184,1494,4322,1711,812,2015
"Beckley, WV Metro Area",41957,1700,6224,7147,5896,5293,2248,3974,725,845,2153,3742,2010,2015
"Bellingham, WA Metro Area",96225,4406,12265,18070,18265,15396,6488,9532,2548,2080,3684,2303,1188,2015
"Bend-Redmond, OR Metro Area",69472,3329,10397,16315,14904,7758,5338,5101,506,1355,2874,633,962,2015
"Billings, MT Metro Area",81088,2551,8024,17410,23981,13979,3174,5123,879,778,1974,1671,1544,2015
"Binghamton, NY Metro Area",106706,3523,15963,21240,20979,18336,6100,8915,1417,2003,3023,2855,2352,2015
"Birmingham-Hoover, AL Metro Area",491796,10922,35128,57965,75845,80124,39558,80532,17561,20070,42044,24270,7777,2015
"Bismarck, ND Metro Area",68303,2848,12359,14365,20598,7999,1664,3552,277,447,1328,1528,1338,2015
"Bloomington, IL Metro Area",95657,3740,17297,23657,22698,10015,2966,5000,1424,1260,4378,2420,802,2015
"Bloomington, IN Metro Area",76597,3395,10316,14556,16591,11367,3091,5713,1240,942,3685,3711,1990,2015
"Bloomsburg-Berwick, PA Metro Area",35701,1103,4581,6831,5843,5917,1665,2551,1723,885,2416,1112,1074,2015
"Bluefield, WV-VA Micro Area",36857,618,5934,7189,7093,5056,1128,4382,599,719,1561,1770,808,2015
"Boise City, ID Metro Area",285721,8803,31766,45265,54031,53265,21722,32883,6676,8004,14844,6328,2134,2015
"Boston-Cambridge-Newton, MA-NH Metro Area",2380373,56116,168344,251994,283815,290997,127464,363263,78886,127121,280469,265060,86844,2015
"Boulder, CO Metro Area",148396,5376,16718,28287,23798,21502,9565,15995,3729,5294,9960,5392,2780,2015
"Bowling Green, KY Metro Area",70065,3694,8377,12412,13025,11511,3171,6947,1563,1709,3224,2752,1680,2015
"Bozeman, MT Micro Area",51828,3393,9502,11929,9523,7482,2524,3547,293,530,885,1020,1200,2015
"Brainerd, MN Micro Area",39673,2444,6423,7766,5794,5667,2399,3405,792,1049,1655,582,1697,2015
"Branson, MO Micro Area",34384,1877,3081,5639,5558,4082,1871,4336,523,834,3117,1965,1501,2015
"Bremerton-Silverdale, WA Metro Area",112909,2018,9395,16032,18871,17965,7855,12400,3391,2263,7499,7495,7725,2015
"Bridgeport-Stamford-Norwalk, CT Metro Area",437057,8789,41782,62956,69641,54290,20345,52166,10081,14605,31624,40882,29896,2015
"Brunswick, GA Metro Area",48226,2384,7446,8317,9230,7334,2242,4845,787,1701,2060,1083,797,2015
"Buffalo-Cheektowaga-Niagara Falls, NY Metro Area",526531,13584,54316,85421,85457,93357,48205,72629,16878,15246,23751,10539,7148,2015
"Burlington, NC Metro Area",69790,1064,7519,12765,11015,10218,5006,7602,2570,3091,4836,2924,1180,2015
"Burlington-South Burlington, VT Metro Area",113484,4459,11391,16860,20758,18458,7753,13781,4660,4677,6370,2778,1539,2015
"California-Lexington Park, MD Metro Area",55323,2076,4409,5541,8226,6755,4299,8921,835,1926,4267,5074,2994,2015
"Canton-Massillon, OH Metro Area",187762,8834,22177,30373,33683,25306,12233,22639,6026,5606,11365,5983,3537,2015
"Cape Coral-Fort Myers, FL Metro Area",256415,5418,17080,26905,33151,49052,18399,46562,9230,9234,25860,10685,4839,2015
"Cape Girardeau, MO-IL Metro Area",44081,1854,7538,7361,8160,7217,3140,4052,633,733,1764,747,882,2015
"Carbondale-Marion, IL Metro Area",52820,1314,9156,9841,10413,7098,3173,4219,1514,1145,2468,1260,1219,2015
"Carson City, NV Metro Area",23592,767,4020,6015,4197,3118,618,1332,791,1310,945,157,322,2015
"Casper, WY Metro Area",38470,2277,4303,10969,9590,5880,1085,2297,52,426,411,459,721,2015
"Cedar Rapids, IA Metro Area",134652,4858,18756,28191,28454,20935,6956,11888,2940,2592,4654,2910,1518,2015
"Centralia, WA Micro Area",27536,1835,3428,4269,3018,3137,1594,2218,973,1312,1700,3005,1047,2015
"Chambersburg-Waynesboro, PA Metro Area",69585,2813,8715,9579,12157,9863,5261,9075,1479,2798,3121,3118,1606,2015
"Champaign-Urbana, IL Metro Area",112576,5767,13935,25491,22000,20498,7629,8759,1530,1507,2826,1796,838,2015
"Charleston, WV Metro Area",85174,2506,9742,14244,15822,14048,6848,9340,1720,2434,4208,2845,1417,2015
"Charleston-Mattoon, IL Micro Area",28182,2733,6846,5136,4368,2236,1259,2073,990,364,1085,1061,31,2015
"Charleston-North Charleston, SC Metro Area",344252,6479,28151,39086,49626,62773,26436,58110,11750,14818,30093,12953,3977,2015
"Charlotte-Concord-Gastonia, NC-SC Metro Area",1097942,23078,83913,136780,165210,161619,80419,178035,40670,46038,104585,56301,21294,2015
"Charlottesville, VA Metro Area",104100,3282,13017,14002,18618,14877,6829,13069,2757,4039,8273,3266,2071,2015
"Chattanooga, TN-GA Metro Area",235744,6974,19146,34612,37695,47244,20929,30887,5685,6315,16461,6302,3494,2015
"Cheyenne, WY Metro Area",45129,2150,8708,13766,10451,4323,1165,1112,415,52,624,1161,1202,2015
"Chicago-Naperville-Elgin, IL-IN-WI Metro Area",4375761,69059,298515,428487,524941,542093,270591,665420,161150,251054,533436,471036,159979,2015
"Brownsville-Harlingen, TX Metro Area",148847,3257,16723,27727,36803,24721,7213,19488,1320,2745,5437,2116,1297,2015
"Chico, CA Metro Area",84804,3440,17424,17217,13392,9291,4136,11031,950,1575,2912,1892,1544,2015
"Chillicothe, OH Micro Area",31301,1087,3245,5927,5294,5767,1034,2172,1246,726,1851,2237,715,2015
"Cincinnati, OH-KY-IN Metro Area",986894,22824,89170,121553,148005,167740,85285,146434,37626,47766,73373,31734,15384,2015
"Claremont-Lebanon, NH-VT Micro Area",102011,5093,13387,13846,14886,12825,6612,14688,3055,3564,8250,3308,2497,2015
"Clarksburg, WV Micro Area",35203,1364,4252,4877,5408,4458,2578,4390,831,1045,3291,1813,896,2015
"Clarksville, TN-KY Metro Area",123806,4326,17377,16006,23267,19744,6056,16325,2273,3640,6532,5938,2322,2015
"Clearlake, CA Micro Area",21079,1552,2825,1960,2677,1195,1385,1651,1739,605,2106,1833,1551,2015
"Cleveland, TN Metro Area",49314,1793,5798,8861,10391,6749,3160,3980,1242,1631,2861,2137,711,2015
"Cleveland-Elyria, OH Metro Area",923769,20182,80011,121926,145582,145564,84466,134757,38667,39274,67933,32159,13248,2015
"Coeur d'Alene, ID Metro Area",64487,3034,11335,10650,10522,8800,3567,6402,2063,1741,4362,1415,596,2015
"College Station-Bryan, TX Metro Area",115962,4324,13688,27678,31713,15469,3857,9254,1607,950,3578,2004,1840,2015
"Colorado Springs, CO Metro Area",321706,7342,28212,46602,62457,65013,24537,39425,7398,6260,15234,12672,6554,2015
"Columbia, MO Metro Area",85454,2771,10960,21263,18162,11801,4390,7419,1613,1604,3642,649,1180,2015
"Columbia, SC Metro Area",368110,19279,27943,50382,59002,61912,30467,53976,11688,11252,23534,13257,5418,2015
"Columbus, GA-AL Metro Area",126751,3888,9161,18609,28004,24732,10111,13273,3196,3118,7849,2457,2353,2015
"Columbus, IN Metro Area",38540,1509,5103,6831,8902,6413,1641,3474,1136,584,1515,750,682,2015
"Columbus, OH Metro Area",946104,23419,81148,127607,166871,166176,80482,131597,32605,37060,59240,27586,12313,2015
"Concord, NH Micro Area",69331,2744,7621,8967,9137,10791,4280,8821,2036,3396,5635,3951,1952,2015
"Cookeville, TN Micro Area",43394,1135,4003,6099,7280,8262,1965,7611,503,490,3427,2093,526,2015
"Coos Bay, OR Micro Area",22293,1488,6068,4351,3570,2340,740,2316,121,179,453,404,263,2015
"Corning, NY Micro Area",39197,1745,5936,7051,4644,6388,2281,4214,1503,1047,2262,1581,545,2015
"Corpus Christi, TX Metro Area",195191,7349,21493,40156,39981,36433,10494,19591,3114,2850,6996,3524,3210,2015
"Corvallis, OR Metro Area",37605,869,7557,9454,7375,5469,1385,1813,391,573,1114,891,714,2015
"Crestview-Fort Walton Beach-Destin, FL Metro Area",114845,4371,12354,18675,17519,15724,6758,16380,2691,3540,7931,6254,2648,2015
"Cullman, AL Micro Area",29813,1800,5095,4568,3186,3494,1380,2200,618,570,3983,2327,592,2015
"Des Moines-West Des Moines, IA Metro Area",314163,12508,35210,52233,64771,60461,25351,35340,5157,6121,7751,5159,4101,2015
"Detroit-Warren-Dearborn, MI Metro Area",1856289,33663,143713,225075,280841,285991,133879,281157,72791,93057,180178,95480,30464,2015
"Cumberland, MD-WV Metro Area",37666,1662,4698,7301,5006,8138,2601,2937,541,750,1306,1378,1348,2015
"Dallas-Fort Worth-Arlington, TX Metro Area",3279183,57746,247412,380565,461402,476865,206224,543315,113778,160638,345150,213640,72448,2015
"Dalton, GA Metro Area",63089,789,3068,9031,13518,12972,6825,9802,1609,226,2592,1310,1347,2015
"Danville, IL Metro Area",30447,1551,4949,7043,5372,3809,1489,2227,663,507,1605,843,389,2015
"Danville, VA Micro Area",44190,831,5497,8917,10434,5721,1911,4130,1438,408,2216,1722,965,2015
"Daphne-Fairhope-Foley, AL Metro Area",79787,1858,6557,10150,10876,14450,4019,14918,1789,1796,8252,3237,1885,2015
"Davenport-Moline-Rock Island, IA-IL Metro Area",174644,7112,23280,31754,31736,30354,15741,16340,3710,2757,7009,2645,2206,2015
"Dayton, OH Metro Area",351778,10241,44810,58395,70285,57559,24888,40864,8874,7574,13800,9818,4670,2015
"Decatur, AL Metro Area",61154,1169,6606,6307,10517,7547,4548,10179,1985,3272,6673,1798,553,2015
"Decatur, IL Metro Area",44830,2060,6091,11659,9606,6525,1582,2990,565,542,1745,1086,379,2015
"Deltona-Daytona Beach-Ormond Beach, FL Metro Area",231557,3344,21418,36704,40938,37767,15138,28741,5791,8142,15885,12587,5102,2015
"Denver-Aurora-Lakewood, CO Metro Area",1365572,24910,90628,143510,203951,211351,102047,223364,54779,68752,135421,80567,26292,2015
"Dothan, AL Metro Area",58275,1592,7208,8064,11352,8797,2906,10139,721,1546,2656,2014,1280,2015
"Dover, DE Metro Area",74717,1853,8995,11676,11857,10753,4370,7769,1873,2174,5425,6032,1940,2015
"DuBois, PA Micro Area",30947,2227,4753,5353,3942,3535,1287,3136,910,654,2689,1574,887,2015
"Dubuque, IA Metro Area",47387,3751,8447,10553,10248,6007,2048,3503,664,612,577,433,544,2015
"Duluth, MN-WI Metro Area",128165,6418,21315,24666,21500,18190,8045,10701,2520,3900,5513,3639,1758,2015
"Dunn, NC Micro Area",51289,1466,3712,4720,6276,7465,2723,9852,1919,2426,6340,3433,957,2015
"Durham-Chapel Hill, NC Metro Area",257942,4536,21210,42164,49061,44245,19575,33263,6312,10025,15181,8923,3447,2015
"East Stroudsburg, PA Metro Area",70816,1675,6186,6421,7967,9150,3778,8300,1388,2901,7396,5523,10131,2015
"Eau Claire, WI Metro Area",81411,2787,13213,17395,17411,10543,5454,7320,762,893,2081,1843,1709,2015
"El Centro, CA Metro Area",57273,1305,9596,11952,10409,6672,4527,6061,1185,1141,1587,1231,1607,2015
"Elmira, NY Metro Area",37641,2380,5660,7278,6749,4202,2054,3449,631,1220,1856,1419,743,2015
"El Paso, TX Metro Area",340340,6505,27804,55826,60980,61106,23020,57481,6155,12376,15595,6871,6621,2015
"Erie, PA Metro Area",120126,6585,16447,23536,23477,16517,7910,12696,2615,2310,3558,2244,2231,2015
"Eugene, OR Metro Area",154365,5839,19831,32497,30348,23856,9843,14128,2800,3470,3875,5339,2539,2015
"Eureka-Arcata-Fortuna, CA Micro Area",51459,4342,9734,9931,7595,7328,2437,4801,388,1509,1676,644,1074,2015
"Evansville, IN-KY Metro Area",145839,4778,17725,23453,31223,25226,10281,15377,3274,3615,6096,3316,1475,2015
"Fairbanks, AK Metro Area",51089,1830,6976,10475,11879,8063,4230,4817,570,584,476,401,788,2015
"Elizabeth City, NC Micro Area",24663,564,2125,3664,3955,2350,1923,1525,514,392,2394,3322,1935,2015
"Elizabethtown-Fort Knox, KY Metro Area",64295,2723,8240,8947,10054,8300,3434,8253,1860,1533,6366,3145,1440,2015
"Elkhart-Goshen, IN Metro Area",86321,3366,9243,18014,22885,11899,6647,7665,1517,1003,2757,668,657,2015
"Fargo, ND-MN Metro Area",124146,4107,19708,28203,32586,19753,5080,7122,1068,1546,2619,1493,861,2015
"Faribault-Northfield, MN Micro Area",29725,2625,5147,3835,3178,3871,1689,2806,1119,1088,2413,1575,379,2015
"Farmington, MO Micro Area",26365,1289,4935,5476,4892,2821,686,1374,198,93,1327,2551,723,2015
"Farmington, NM Metro Area",47908,1887,6255,7898,9569,5957,2674,5334,775,1128,2885,2381,1165,2015
"Fayetteville, NC Metro Area",158191,6159,18048,22475,30177,29287,11241,23147,3114,3289,6553,2750,1951,2015
"Fayetteville-Springdale-Rogers, AR-MO Metro Area",229845,9584,26728,39492,45179,36280,13558,24361,5434,6760,13197,6660,2612,2015
"Findlay, OH Micro Area",36218,2727,6794,7878,7072,4014,1680,3093,565,544,854,681,316,2015
"Flagstaff, AZ Metro Area",62291,3234,13105,14176,13150,5932,1585,3701,634,1004,1981,1994,1795,2015
"Flint, MI Metro Area",159764,4911,14507,24031,27613,28815,9976,13535,3852,4551,11257,12571,4145,2015
"Florence, SC Metro Area",80222,2719,8203,14296,14769,12504,5454,10862,1394,1754,3509,1898,2860,2015
"Florence-Muscle Shoals, AL Metro Area",56998,1267,6545,10172,11647,7891,2582,5800,1677,956,3988,3739,734,2015
"Fond du Lac, WI Metro Area",50068,2851,7868,12038,6606,6469,2529,3627,1242,1031,3248,1325,1234,2015
"Forest City, NC Micro Area",25504,681,2127,3543,5906,4744,1784,2031,696,201,2303,1093,395,2015
"Fort Collins, CO Metro Area",160759,5126,19894,28487,29410,25247,10321,15153,2470,3521,10863,8652,1615,2015
"Fort Smith, AR-OK Metro Area",109576,4580,14637,20756,20396,17240,5911,13691,2128,2109,4026,1786,2316,2015
"Fort Wayne, IN Metro Area",195458,5805,19227,31818,41461,38154,16740,19899,4633,3924,6937,3792,3068,2015
"Frankfort, KY Micro Area",34438,1383,5567,6198,5853,3607,2563,3715,641,1105,2556,1045,205,2015
"Fresno, CA Metro Area",364176,8198,33461,59473,87923,62050,22094,45213,3895,7303,16703,12125,5738,2015
"Gadsden, AL Metro Area",40906,1117,4651,7192,8437,4704,2922,4771,584,1082,3101,1881,464,2015
"Gainesville, FL Metro Area",120227,1819,9215,19416,25262,25432,7601,15187,2687,2178,6266,2951,2213,2015
"Gainesville, GA Metro Area",80931,2187,5271,12800,13525,16025,5444,10723,1289,2099,4341,5166,2061,2015
"Gallup, NM Micro Area",22959,1893,3369,5846,3254,2372,583,2155,315,494,1524,558,596,2015
"Gettysburg, PA Metro Area",48465,1838,5013,7140,7462,6022,2559,6172,1411,1732,5061,2996,1059,2015
"Glenwood Springs, CO Micro Area",39942,2008,6219,6214,4901,4033,1750,3638,289,1558,2959,4582,1791,2015
"Goldsboro, NC Metro Area",51893,1498,6810,10735,9653,7339,3493,4510,1608,918,2813,1878,638,2015
"Grand Forks, ND-MN Metro Area",54318,5172,14913,14539,9228,3133,1184,2359,425,778,876,1165,546,2015
"Grand Island, NE Metro Area",43103,2795,8062,9659,8851,4643,1411,3556,486,838,871,1293,638,2015
"Grand Junction, CO Metro Area",64800,1325,9632,11665,15780,12594,2758,4982,239,481,1385,1823,2136,2015
"Grand Rapids-Wyoming, MI Metro Area",491140,16080,57673,84284,83793,86105,37327,52323,13656,13764,24795,11921,9419,2015
"Grants Pass, OR Metro Area",29759,2507,4571,5145,5646,2927,895,3079,479,1235,1925,1138,212,2015
"Great Falls, MT Metro Area",38016,1611,6346,10413,10917,4165,988,1857,257,95,631,357,379,2015
"Greeley, CO Metro Area",128459,3336,13156,16012,18853,19615,8726,16050,4813,5146,11267,7767,3718,2015
"Green Bay, WI Metro Area",157545,4854,25760,31114,30730,23390,8311,13676,4038,3726,5381,4020,2545,2015
"Greeneville, TN Micro Area",27130,364,4069,4117,3981,5321,2205,2501,1245,624,1314,1018,371,2015
"Greenfield Town, MA Micro Area",32985,1873,4430,4610,5055,3884,2016,4057,1192,1465,2069,1594,740,2015
"Greensboro-High Point, NC Metro Area",327014,8934,32386,54079,61837,57056,27812,38692,8810,7451,16042,8893,5022,2015
"Greenville, NC Metro Area",77840,3991,11463,17541,16058,8601,3876,7238,2234,1210,2353,1786,1489,2015
"Greenville-Anderson-Mauldin, SC Metro Area",373791,9382,39929,50923,73674,57867,28184,48838,15215,12574,24796,8445,3964,2015
"Greenwood, SC Micro Area",37709,1494,6305,6451,6453,3919,3892,3794,618,775,1853,1716,439,2015
"Glens Falls, NY Metro Area",58309,2204,7892,9678,8297,7646,3125,7440,1523,1691,4314,3508,991,2015
"Hilo, HI Micro Area",76909,1710,10211,12879,12454,9686,3938,9774,2153,2759,5951,2952,2442,2015
"Hilton Head Island-Bluffton-Beaufort, SC Metro Area",80235,2343,8969,12371,13051,12195,5133,9327,1275,2775,8463,2569,1764,2015
"Hinesville, GA Metro Area",32761,2032,3604,5082,5226,5776,1331,2654,603,1211,1160,3805,277,2015
"Guayama, PR Metro Area",17487,1129,415,4645,3647,2929,262,1950,50,203,386,1656,215,2015
"Gulfport-Biloxi-Pascagoula, MS Metro Area",157889,2407,14686,25680,28512,29569,10541,20576,2703,4404,9198,4088,5525,2015
"Hagerstown-Martinsburg, MD-WV Metro Area",111810,3130,8130,17715,16975,17679,5513,12778,3518,3945,7332,7305,7790,2015
"Hammond, LA Metro Area",56026,1896,5675,6498,8604,6129,2214,4633,1688,1078,8514,7570,1527,2015
"Hanford-Corcoran, CA Metro Area",53900,3188,8812,8919,8748,5374,2898,5489,1893,1125,4187,2129,1138,2015
"Harrisburg-Carlisle, PA Metro Area",266690,8401,30182,41536,47208,42634,18539,34084,6527,7156,16610,8956,4857,2015
"Harrisonburg, VA Metro Area",57331,2862,8770,9551,12885,8282,3107,5488,1274,1207,2179,565,1161,2015
"Hartford-West Hartford-East Hartford, CT Metro Area",573412,14864,55715,82804,89223,97789,43461,79837,18157,24681,38000,19936,8945,2015
"Hattiesburg, MS Metro Area",62273,1713,7185,12169,11859,9319,3947,7101,1259,1313,2110,1832,2466,2015
"Helena, MT Micro Area",36174,2128,6196,8877,8792,4745,1379,1757,379,287,622,700,312,2015
"Hermiston-Pendleton, OR Micro Area",36793,2405,7184,6852,6770,3848,2394,2306,363,1238,2433,663,337,2015
"Hickory-Lenoir-Morganton, NC Metro Area",148817,2896,14003,23434,29019,24703,13202,17103,4984,4464,7432,5097,2480,2015
"Hobbs, NM Micro Area",28403,1185,6618,5640,6768,2651,262,2073,223,401,823,1015,744,2015
"Holland, MI Micro Area",50856,1070,6079,6968,6310,7375,4649,8069,3229,1521,3575,1220,791,2015
"Homosassa Springs, FL Metro Area",39700,1665,4709,7278,5505,6490,2201,5410,519,830,1507,2161,1425,2015
"Hot Springs, AR Metro Area",38687,2152,4693,6751,7866,7709,1271,3932,239,192,1439,1001,1442,2015
"Houma-Thibodaux, LA Metro Area",87310,3360,10788,14807,13493,11031,3314,11864,2178,2471,5579,5159,3266,2015
"Houston-The Woodlands-Sugar Land, TX Metro Area",3013585,47220,191889,324237,391401,398305,159108,558720,95160,137841,352080,280232,77392,2015
"Huntington-Ashland, WV-KY-OH Metro Area",136005,5911,18306,18528,22364,20782,11141,14949,4364,3689,8649,5094,2228,2015
"Huntsville, AL Metro Area",195863,3466,17657,29113,36975,37562,16084,30189,5738,4466,11389,2198,1026,2015
"Huntsville, TX Micro Area",29168,344,2962,3921,3558,4096,2669,4291,373,820,2710,1995,1429,2015
"Hutchinson, KS Micro Area",28963,1156,5375,8308,6027,2643,622,2004,126,678,1086,640,298,2015
"Idaho Falls, ID Metro Area",56582,2344,9837,12569,10010,7063,2012,4370,809,793,2457,2928,1390,2015
"Indiana, PA Micro Area",35236,2096,5349,5292,5822,4902,1736,3492,862,750,2089,1409,1437,2015
"Indianapolis-Carmel-Anderson, IN Metro Area",923367,20230,85078,110506,142634,158951,81309,138511,34655,38663,66563,32552,13715,2015
"Iowa City, IA Metro Area",89569,2787,12604,18849,16708,16946,5847,9366,1571,933,2174,1299,485,2015
"Ithaca, NY Metro Area",44873,1945,6644,8700,9060,9196,2589,2818,611,637,1128,864,681,2015
"Jackson, MI Metro Area",62599,2912,8616,11862,10091,10034,3486,5078,2127,1268,3507,2277,1341,2015
"Jackson, MS Metro Area",246319,5005,19430,29323,44887,43548,18030,48068,5728,6602,13790,7760,4148,2015
"Jackson, TN Metro Area",57755,2155,7317,13438,11599,8910,3109,4383,903,1242,1858,1649,1192,2015
"Jacksonville, FL Metro Area",638851,8893,43763,73212,96963,117143,47749,111368,23028,25513,55151,24324,11744,2015
"Jacksonville, NC Metro Area",85576,5690,10947,12894,14228,13522,4288,13026,3152,496,4394,2198,741,2015
"Jamestown-Dunkirk-Fredonia, NY Micro Area",54202,4230,10896,12391,8874,5889,2624,3542,1017,1128,1732,1341,538,2015
"Janesville-Beloit, WI Metro Area",75158,2715,11984,12093,13067,7132,5096,7221,1719,3298,6438,3361,1034,2015
"Jefferson City, MO Metro Area",68582,3093,7771,13644,12437,9468,4223,6809,1972,1502,5034,1914,715,2015
"Johnson City, TN Metro Area",80456,3803,11195,12638,14625,13952,5206,7852,2789,1641,4441,1123,1191,2015
"Johnstown, PA Metro Area",54792,2248,8316,8911,9632,7820,2469,4767,1652,1678,3349,1694,2256,2015
"Jonesboro, AR Metro Area",54557,3308,8612,13948,9834,7859,1783,3822,234,759,1583,1647,1168,2015
"Joplin, MO Metro Area",80851,4088,11851,15389,17677,11392,5058,7213,1450,1059,3056,1547,1071,2015
"Kahului-Wailuku-Lahaina, HI Metro Area",76363,3062,12019,13171,13172,9017,3923,8866,1245,2407,6074,2730,677,2015
"Aberdeen, WA Micro Area",26256,1421,4487,4740,2628,2515,1792,3182,594,828,1820,1644,605,2015
"Abilene, TX Metro Area",74304,4654,14258,18747,16777,8434,2475,5182,418,955,974,681,749,2015
"Adrian, MI Micro Area",39422,2317,6084,3688,3241,3670,2634,4139,1336,1711,5540,3911,1151,2015
"Aguadilla-Isabela, PR Metro Area",77081,4002,9160,12491,12519,7878,4889,6100,2331,2904,7284,4903,2620,2015
"Akron, OH Metro Area",326895,10550,32634,48207,53138,50759,27493,38887,11443,14080,22017,11686,6001,2015
"Alamogordo, NM Micro Area",23544,723,4218,5826,3110,4447,2152,1649,73,134,640,267,305,2015
"Albany, GA Metro Area",58177,2258,7835,8432,12402,9654,3574,6374,1090,1297,2820,1662,779,2015
"Albany, OR Metro Area",45551,2480,5323,9290,4646,6757,4073,5295,621,2071,3308,1164,523,2015
"Albany-Schenectady-Troy, NY Metro Area",420091,14085,40005,59415,74072,70671,33237,55752,13280,13510,26516,13366,6182,2015
"Albertville, AL Micro Area",37984,1684,5094,8076,5279,3470,1064,3120,751,1000,4964,2367,1115,2015
"Albuquerque, NM Metro Area",383270,8336,33142,59712,70404,68792,24321,58614,9844,11005,20626,11586,6888,2015
"Alexandria, LA Metro Area",59656,3033,7836,10974,11932,9781,3333,5150,1533,1433,1947,987,1717,2015
"Allentown-Bethlehem-Easton, PA-NJ Metro Area",383580,11313,32563,47147,59007,61924,25588,48848,11701,11955,29252,28567,15715,2015
"Altoona, PA Metro Area",53956,2368,9374,10324,9392,7071,3017,5911,970,690,2403,1141,1295,2015
"Amarillo, TX Metro Area",122186,4864,17986,25345,33521,17008,4441,10190,1475,898,2582,2773,1103,2015
"Ames, IA Metro Area",48205,2222,8173,12164,10423,5574,1490,2117,856,1728,1596,1377,485,2015
"Anchorage, AK Metro Area",190999,6420,23036,35817,40490,34625,8048,14533,2541,4302,7955,8346,4886,2015
"Ann Arbor, MI Metro Area",166678,3428,14019,24476,31266,32778,10954,19571,4465,6263,11873,5499,2086,2015
"Anniston-Oxford-Jacksonville, AL Metro Area",44660,1624,4192,7300,4965,8323,3155,5882,969,2085,2671,1953,1541,2015
"Appleton, WI Metro Area",120635,4952,18197,23659,21138,22343,7406,10825,2629,2596,3508,1760,1622,2015
"Arecibo, PR Metro Area",44554,756,3499,4713,5408,8978,2164,8048,1550,2304,3020,2868,1246,2015
"Asheville, NC Metro Area",182567,5905,16273,28037,41177,37557,12471,19749,4040,4430,6998,3839,2091,2015
"Ashtabula, OH Micro Area",38178,1913,8017,5851,4198,4415,1789,3229,744,2117,2519,2630,756,2015
"Athens, OH Micro Area",25666,902,4541,4186,6892,4262,1192,1226,338,375,448,980,324,2015
"Athens, TX Micro Area",31828,791,4254,3744,4575,3155,1566,4231,351,648,2096,4816,1601,2015
"Athens-Clarke County, GA Metro Area",87620,2462,11601,17945,20124,13430,3483,7861,2002,1372,2704,3210,1426,2015
"Atlanta-Sandy Springs-Roswell, GA Metro Area",2533900,40298,150012,252194,321136,349995,162464,414285,93763,120823,293170,247346,88414,2015
"Atlantic City-Hammonton, NJ Metro Area",123802,3275,11802,18214,23436,22273,10661,11988,2348,2956,6005,6750,4094,2015
"Auburn, NY Micro Area",35340,2196,4621,5968,5189,3706,1946,3451,1260,1939,2990,1244,830,2015
"Auburn-Opelika, AL Metro Area",69569,968,8917,14766,10335,11345,3739,9617,1071,1828,3521,2357,1105,2015
"Augusta-Richmond County, GA-SC Metro Area",241184,5802,17145,33785,47641,39294,15714,39162,7372,6462,17550,8208,3049,2015
"Augusta-Waterville, ME Micro Area",54224,2784,6238,7450,8105,7993,3498,6693,1776,2214,3289,3031,1153,2015
"Austin-Round Rock, TX Metro Area",955039,18119,78462,117852,149462,148200,67307,145900,30566,40628,89399,53446,15698,2015
"Bakersfield, CA Metro Area",329478,7474,33992,52797,74371,55415,19945,35686,5627,7644,16288,12322,7917,2015
"Baltimore-Columbia-Towson, MD Metro Area",1314474,20649,83974,139485,165984,187335,84233,211904,46549,65585,150884,107996,49896,2015
"Bangor, ME Metro Area",63096,3488,7923,10922,12574,9084,2792,7208,974,1499,3266,1553,1813,2015
"Barnstable Town, MA Metro Area",95119,2999,15542,19213,16807,12287,4301,9210,1249,2604,4326,3424,3157,2015
"Baton Rouge, LA Metro Area",370048,8485,29495,40320,61454,60166,23422,56768,10104,12346,36224,21814,9450,2015
"Battle Creek, MI Metro Area",51783,1636,6283,11813,9256,6196,3083,6284,994,1710,2617,1285,626,2015
"Blacksburg-Christiansburg-Radford, VA Metro Area",78191,3387,10526,15401,14277,9773,3496,8738,1820,1801,4832,3257,883,2015
"Bay City, MI Metro Area",46006,1026,5824,8201,6897,7538,5042,4897,1114,908,2026,1346,1187,2015
"Marion, OH Micro Area",23629,732,3670,5702,4134,3058,966,1154,412,801,1601,1212,187,2015
"Marquette, MI Micro Area",28207,2070,6374,5921,3499,4186,1383,2307,477,549,728,319,394,2015
"Marshall, TX Micro Area",25743,703,3628,5325,4662,2368,842,3152,920,1132,1899,837,275,2015
"Martinsville, VA Micro Area",25099,1045,3199,3546,5313,5332,1276,1482,867,440,1000,819,780,2015
"Mayagüez, PR Metro Area",25125,214,2294,4503,5511,4418,1884,3987,328,120,781,866,219,2015
"McAllen-Edinburg-Mission, TX Metro Area",288188,7443,34473,44202,64269,50409,19811,34968,4639,5603,8013,6407,7951,2015
"Meadville, PA Micro Area",36225,2709,5797,6246,5007,4744,2483,3566,588,1283,1487,1581,734,2015
"Medford, OR Metro Area",80117,4196,11008,15535,17995,12019,4385,7314,1334,1359,1728,2127,1117,2015
"Memphis, TN-MS-AR Metro Area",588677,13061,54420,68540,96113,105101,46764,100621,18600,21925,41271,16480,5781,2015
"Merced, CA Metro Area",89569,5405,15967,17094,14467,9744,3664,5216,1211,2108,3312,5672,5709,2015
"Meridian, MS Micro Area",42009,2072,4170,8567,7389,6641,2859,4695,527,1881,1150,941,1117,2015
"Mobile, AL Metro Area",164446,2020,10197,21569,29442,27594,9098,36027,4732,3828,12505,5351,2083,2015
"Modesto, CA Metro Area",199902,7151,27469,31712,31394,25913,10998,19858,3481,6028,10083,10080,15735,2015
"Monroe, LA Metro Area",69455,1657,9006,13505,11964,10683,3112,14058,1205,592,1498,1009,1166,2015
"Monroe, MI Metro Area",65178,1713,7399,9265,9848,9030,4987,8687,1960,2522,6362,2506,899,2015
"Montgomery, AL Metro Area",153153,3272,13268,26839,29695,24074,10896,22165,5415,3426,8302,3954,1847,2015
"Morehead City, NC Micro Area",28818,1784,4619,5050,4547,3575,1040,3424,1087,1063,1149,1075,405,2015
"Miami-Fort Lauderdale-West Palm Beach, FL Metro Area",2655983,32456,146051,261598,357036,414837,174174,524925,85746,120710,272093,200700,65657,2015
"Michigan City-La Porte, IN Metro Area",44296,1746,7334,8051,6636,5625,1880,5087,958,1099,2965,2025,890,2015
"Midland, MI Metro Area",36593,1106,3786,8190,7650,5141,1531,4023,904,1224,2067,453,518,2015
"Midland, TX Metro Area",82686,2790,10428,21009,17400,11928,3547,7795,708,436,2873,2388,1384,2015
"Milwaukee-Waukesha-West Allis, WI Metro Area",753357,17221,70359,108712,129533,129236,62528,106609,26396,27866,46511,18886,9500,2015
"Minneapolis-St. Paul-Bloomington, MN-WI Metro Area",1779099,35355,149827,219780,270849,291743,147779,271278,67984,83351,142652,74700,23801,2015
"Minot, ND Micro Area",43707,3428,7832,10456,9676,4174,2114,1854,151,504,1252,1529,737,2015
"Missoula, MT Metro Area",56262,2664,6792,12217,13827,10790,1542,4206,796,226,1495,837,870,2015
"Morgantown, WV Metro Area",57049,892,6256,12327,9663,8615,4250,7177,1087,1478,2693,1994,617,2015
"Morristown, TN Metro Area",46378,998,5230,7659,7538,6788,3892,4946,1534,924,2937,2503,1429,2015
"Moses Lake, WA Micro Area",38302,2619,6580,7766,6701,5741,1846,3699,530,603,1144,713,360,2015
"Mount Airy, NC Micro Area",28462,1304,4538,5313,3989,3263,1251,3413,555,873,2121,1499,343,2015
"Mount Pleasant, MI Micro Area",31211,2651,6228,5981,4559,3690,1836,2451,232,792,1303,835,653,2015
"Mount Vernon-Anacortes, WA Metro Area",50983,2234,7101,7079,7762,8554,2550,4153,1364,1872,3487,3018,1809,2015
"Muncie, IN Metro Area",50759,3058,7321,10143,12893,5831,1770,2479,665,853,1895,2339,1512,2015
"Muskegon, MI Metro Area",70070,2037,8520,13932,14796,10359,5054,5277,859,2214,4266,2011,745,2015
"Muskogee, OK Micro Area",25366,940,5097,5848,4175,2524,1003,2021,796,693,1058,938,273,2015
"Myrtle Beach-Conway-North Myrtle Beach, SC-NC Metro Area",172974,4919,16558,25723,34942,29965,11312,23217,4778,4474,8362,5785,2939,2015
"Nacogdoches, TX Micro Area",26924,681,5535,6069,4665,2717,856,2295,299,468,1266,1192,881,2015
"Napa, CA Metro Area",64403,2518,10266,11396,9746,7297,3476,6512,1279,1545,3533,4577,2258,2015
"Naples-Immokalee-Marco Island, FL Metro Area",138570,3065,13020,20614,27913,21487,6609,19578,4865,4419,7810,6417,2773,2015
"Nashville-Davidson--Murfreesboro--Franklin, TN Metro Area",866057,17502,61370,98083,136710,133441,58153,129727,29954,41239,88451,56249,15178,2015
"New Bern, NC Metro Area",53925,2430,6122,11857,9312,7230,3351,6010,1065,941,3703,1483,421,2015
"New Castle, PA Micro Area",35495,1333,4760,6491,5042,4628,1923,3293,1551,1339,2808,1872,455,2015
"New Haven-Milford, CT Metro Area",402226,8141,34749,61833,69585,63519,25908,51433,13004,13621,28685,19542,12206,2015
"New Orleans-Metairie, LA Metro Area",562014,12342,43018,75513,97710,95410,33577,91166,15191,14762,39117,29487,14721,2015
"New Philadelphia-Dover, OH Micro Area",42158,1840,8512,7108,4721,6537,2548,3912,1080,810,2914,1242,934,2015
"New York-Newark-Jersey City, NY-NJ-PA Metro Area",9186623,136305,522686,825912,924371,1043193,464756,1362441,285846,529406,1125090,1341609,625008,2015
"Niles-Benton Harbor, MI Metro Area",66345,3318,12165,12932,11630,9529,4929,5004,1407,1012,2285,1433,701,2015
"North Port-Sarasota-Bradenton, FL Metro Area",279271,5192,15896,37756,44346,65272,15007,53735,5390,7047,14539,8534,6557,2015
"North Wilkesboro, NC Micro Area",27938,1237,2388,4873,6271,3401,1410,2558,524,864,2244,1573,595,2015
"Norwich-New London, CT Metro Area",129314,3730,14962,19520,21613,21606,8918,15604,3125,3846,7188,7204,1998,2015
"Oak Harbor, WA Micro Area",33191,778,4033,7634,5714,2479,1166,2962,545,877,2032,2479,2492,2015
"Ocala, FL Metro Area",101831,1587,6996,9791,17583,20385,7478,15960,4926,2272,7616,4872,2365,2015
"Ocean City, NJ Metro Area",39787,1749,7636,7158,5982,4862,2830,3560,667,965,1601,1301,1476,2015
"Odessa, TX Metro Area",72396,2455,8856,12816,16340,13464,1790,7340,803,1565,2119,3066,1782,2015
"Ogden-Clearfield, UT Metro Area",280717,8485,36673,45607,51806,43683,18892,29978,6481,6772,16951,11464,3925,2015
"Ogdensburg-Massena, NY Micro Area",40988,2811,9654,6136,5439,4473,2585,3678,1054,699,2420,1303,736,2015
"Oklahoma City, OK Metro Area",617069,17288,64096,94147,108416,112169,44546,89855,17929,15656,30697,13128,9142,2015
"Olean, NY Micro Area",31854,2298,5601,5353,4127,3828,1654,2933,562,819,2503,1421,755,2015
"Olympia-Tumwater, WA Metro Area",116108,2046,11653,16776,20751,20350,8691,10625,2655,3578,7990,6330,4663,2015
"Omaha-Council Bluffs, NE-IA Metro Area",453617,14495,48880,81125,90341,85389,34547,53676,8674,9188,15933,7158,4211,2015
"Opelousas, LA Micro Area",27688,2190,4493,3177,2222,3509,1773,4182,885,1237,1581,939,1500,2015
"Orangeburg, SC Micro Area",31275,1878,3581,6973,3623,3382,892,2529,1119,972,3160,2374,792,2015
"Orlando-Kissimmee-Sanford, FL Metro Area",1071243,12288,69360,111021,145305,173964,75643,204076,42549,54997,108113,50617,23310,2015
"Oshkosh-Neenah, WI Metro Area",82739,3319,13668,19154,17400,12086,4034,6467,1291,1055,1745,1485,1035,2015
"Ottawa-Peru, IL Micro Area",68146,5292,14456,10530,8165,7875,4096,5696,2130,1851,2933,3974,1148,2015
"Owensboro, KY Metro Area",50309,3010,6388,11277,9933,5917,2083,4105,1419,1554,1456,1640,1527,2015
"Parkersburg-Vienna, WV Metro Area",36633,1145,4336,5836,8221,6204,2577,4729,609,413,1600,550,413,2015
"Pensacola-Ferry Pass-Brent, FL Metro Area",202103,3066,19493,26929,44079,35501,15035,27312,4028,4347,13150,5843,3320,2015
"Peoria, IL Metro Area",168633,8161,20080,28595,32790,29715,11774,16682,3306,5031,6468,3409,2622,2015
"Philadelphia-Camden-Wilmington, PA-NJ-DE-MD Metro Area",2761490,61510,202770,328391,342205,383779,177351,416573,102141,134702,297656,225949,88463,2015
"Owosso, MI Micro Area",29835,1594,3546,3705,3339,2968,1472,3025,1941,1419,3373,2521,932,2015
"Oxnard-Thousand Oaks-Ventura, CA Metro Area",377120,7703,37396,50138,53583,53115,37260,52921,9211,13302,26464,22491,13536,2015
"Paducah, KY-IL Micro Area",42203,1739,5708,8186,9648,6173,2932,3531,760,444,1860,674,548,2015
"Palatka, FL Micro Area",23929,432,3107,3164,3680,2721,1372,1558,1136,1092,2106,2695,866,2015
"Palm Bay-Melbourne-Titusville, FL Metro Area",223633,6333,18270,36548,46315,35704,15491,30042,5030,5464,12055,7159,5222,2015
"Panama City, FL Metro Area",85623,2029,11324,12406,15541,11737,4198,14496,822,2257,4998,3420,2395,2015
"Phoenix-Mesa-Scottsdale, AZ Metro Area",1920473,37718,154558,230738,287539,308122,149015,301567,62782,89879,168116,98410,32029,2015
"Pine Bluff, AR Metro Area",32387,1271,3324,6154,8915,4279,1097,2802,669,576,1611,1409,280,2015
"Pinehurst-Southern Pines, NC Micro Area",37419,2072,3788,4383,8566,3858,2654,4197,613,1117,3296,1944,931,2015
"Pittsburgh, PA Metro Area",1078307,30810,97422,134381,156768,154871,78845,152030,37680,48098,100611,64587,22204,2015
"Pittsfield, MA Metro Area",58912,3822,10470,11338,9648,8020,3117,5166,786,1591,2654,1212,1088,2015
"Plattsburgh, NY Micro Area",32565,1998,6465,6085,5156,5117,2132,2318,471,272,1283,973,295,2015
"Pocatello, ID Metro Area",32889,2281,6028,9143,7160,2913,958,1671,232,317,833,821,532,2015
"Ponce, PR Metro Area",79895,1326,6001,12205,17367,12588,4297,10940,676,2193,5097,4627,2578,2015
"Port Angeles, WA Micro Area",25327,2822,5210,4586,3621,2593,469,2631,762,147,402,524,1560,2015
"Portland-South Portland, ME Metro Area",259285,8236,27525,38579,43860,36519,19709,31673,7634,10297,21399,9006,4848,2015
"Portland-Vancouver-Hillsboro, OR-WA Metro Area",1095878,26255,86679,139519,162802,164309,82204,159736,39321,55579,98768,58271,22435,2015
"Port St. Lucie, FL Metro Area",173841,2943,13547,21610,31689,27431,11232,24139,5055,6751,13898,10596,4950,2015
"Portsmouth, OH Micro Area",26338,1372,2997,3180,4879,4474,1772,2809,934,1377,857,888,799,2015
"Pottsville, PA Micro Area",58760,2510,6688,7429,8211,9886,3553,5241,1772,1757,5697,4342,1674,2015
"Prescott, AZ Metro Area",76611,2430,10516,12624,13911,11469,3634,9111,1078,953,5036,1962,3887,2015
"Providence-Warwick, RI-MA Metro Area",754019,19800,76457,111985,114856,116987,48301,89957,24120,28795,53958,42181,26622,2015
"Provo-Orem, UT Metro Area",241840,11651,38693,42206,40651,33668,15353,22369,6081,6364,12356,8750,3698,2015
"Pueblo, CO Metro Area",62672,2215,7265,12665,13192,9199,2987,4970,541,946,4712,2609,1371,2015
"Punta Gorda, FL Metro Area",55305,849,4942,10275,11911,6921,3325,5317,1543,3297,4349,1522,1054,2015
"Quincy, IL-MO Micro Area",34262,1002,5306,9072,7671,4311,1056,2617,897,584,1117,383,246,2015
"Racine, WI Metro Area",90029,3838,11495,13626,15717,10816,5247,10679,3348,3366,7406,3467,1024,2015
"Raleigh, NC Metro Area",578859,10166,49409,71152,94218,93189,47417,83522,22829,22933,49022,23342,11660,2015
"Rapid City, SD Metro Area",69252,2251,10103,13806,17159,11737,3126,4543,465,1374,2031,1454,1203,2015
"Reading, PA Metro Area",189579,7250,19548,27871,32408,30223,12922,22795,4441,6242,14403,8282,3194,2015
"Redding, CA Metro Area",66421,2727,10115,16362,16006,8783,2749,3669,896,454,1503,1626,1531,2015
"Reno, NV Metro Area",209284,5667,22082,37058,43780,37531,14889,25423,3876,4581,7785,3579,3033,2015
"Richmond, IN Micro Area",27554,1508,4582,6381,5976,3617,1202,1216,537,415,698,1196,226,2015
"Richmond, VA Metro Area",600146,12397,42959,82169,100166,114655,52413,89212,20790,21016,34749,18637,10983,2015
"Richmond-Berea, KY Micro Area",42724,2615,6626,6508,5994,5592,1585,4035,1969,2219,3667,1247,667,2015
"Riverside-San Bernardino-Ontario, CA Metro Area",1734404,34207,136166,218866,251834,238326,92854,224467,37637,64510,143026,176103,116408,2015
"Roanoke, VA Metro Area",137232,3202,11137,16901,26242,22405,7693,25077,3436,4049,7954,6506,2630,2015
"Roanoke Rapids, NC Micro Area",25773,1966,4063,3683,3832,2822,1044,2795,564,611,1757,1405,1231,2015
"Rochester, MN Metro Area",106047,5582,15899,23512,20643,13434,5407,7707,2709,2384,4623,2329,1818,2015
"Rochester, NY Metro Area",488959,16159,57903,81386,86665,85138,38201,58418,12551,12921,19886,13258,6473,2015
"Rockford, IL Metro Area",148956,3610,18155,24226,29959,26534,10770,14759,3058,1883,4614,7721,3667,2015
"Rocky Mount, NC Metro Area",61181,2800,4662,11158,12532,10441,3507,7665,1448,1607,2936,1679,746,2015
"Rome, GA Metro Area",36700,989,2986,5129,12248,5363,1028,4354,488,1036,1542,653,884,2015
"Roseburg, OR Micro Area",35975,2350,6000,7208,6507,5107,1960,3018,55,784,810,1371,805,2015
"Roswell, NM Micro Area",24925,998,3580,7076,4019,2459,699,2167,206,146,1764,357,1454,2015
"Russellville, AR Micro Area",33379,3180,6705,5625,4779,5553,2032,2202,317,707,749,919,611,2015
"Sacramento--Roseville--Arden-Arcade, CA Metro Area",931266,19023,81164,122346,141910,145134,64102,145158,30248,36830,74890,42183,28278,2015
"Saginaw, MI Metro Area",77530,2692,9342,13707,15246,10683,5608,8621,1894,2481,3383,1538,2335,2015
"St. Cloud, MN Metro Area",100081,5855,15678,18285,19065,12389,3908,9256,1827,2454,4525,3672,3167,2015
"St. George, UT Metro Area",58498,3844,9314,16365,10930,8937,2506,2643,475,848,1328,489,819,2015
"St. Joseph, MO-KS Metro Area",58251,2462,11415,12059,14328,6439,2360,3176,534,621,2359,2099,399,2015
"St. Louis, MO-IL Metro Area",1310504,27476,111702,167637,194826,218725,98297,195619,46771,62817,110740,55786,20108,2015
"Salem, OH Micro Area",42975,2699,5584,5765,5134,6545,2315,3662,1542,2214,3948,2537,1030,2015
"Salem, OR Metro Area",170326,4956,22417,26937,28492,26367,10991,18155,3672,4114,11898,9219,3108,2015
"Salinas, CA Metro Area",178200,3118,18252,26769,43101,31744,8988,18810,3590,7352,7407,5140,3929,2015
"Salisbury, MD-DE Metro Area",161252,6059,16351,28218,27285,22879,9565,20687,3388,4645,10858,6456,4861,2015
"Salt Lake City, UT Metro Area",552899,12401,43608,81084,105340,115895,41360,78317,11238,14064,30498,12562,6532,2015
"San Angelo, TX Metro Area",53954,2348,10243,13358,13573,5723,1925,1968,513,718,402,1769,1414,2015
"San Antonio-New Braunfels, TX Metro Area",1027594,15386,77842,121145,164396,184275,70060,170539,32375,37169,83106,49389,21912,2015
"San Diego-Carlsbad, CA Metro Area",1476292,21318,112317,180053,247007,258619,110437,234706,43426,58920,103930,70931,34628,2015
"Sandusky, OH Micro Area",34754,1674,6256,6446,6353,4574,1303,2772,1136,861,1334,1410,635,2015
"San Francisco-Oakland-Hayward, CA Metro Area",2161255,22503,114465,219285,279460,275651,113936,327058,68598,116353,257035,265184,101727,2015
"San Germán, PR Metro Area",28050,321,1901,7134,4523,3794,1636,3665,340,918,1566,1524,728,2015
"San Jose-Sunnyvale-Santa Clara, CA Metro Area",916759,10692,54749,101142,139426,153674,61722,158084,25408,44109,81571,62344,23838,2015
"San Juan-Carolina-Caguas, PR Metro Area",666773,12302,37010,65697,89467,92983,29469,121120,14657,37236,64613,76280,25939,2015
"San Luis Obispo-Paso Robles-Arroyo Grande, CA Metro Area",119062,6623,18449,21089,18230,17548,7358,14595,1692,3029,4691,3496,2262,2015
"Santa Cruz-Watsonville, CA Metro Area",118402,2820,13997,18332,20366,15306,5162,13019,3473,3106,10200,8626,3995,2015
"Santa Fe, NM Metro Area",65056,1562,7533,10358,12624,11232,3752,7116,1862,2024,4009,2503,481,2015
"Santa Maria-Santa Barbara, CA Metro Area",197115,8991,29338,46089,37575,27160,4989,14969,3134,5062,9858,6930,3020,2015
"Santa Rosa, CA Metro Area",228321,9148,30220,36049,35667,34474,14348,26466,4688,5897,10955,12250,8159,2015
"Savannah, GA Metro Area",170316,4639,16344,26649,30157,27803,12226,19831,6586,4390,11598,8678,1415,2015
"Scranton--Wilkes-Barre--Hazleton, PA Metro Area",247643,9604,29975,41018,44093,43569,16979,24043,5705,6815,12654,8698,4490,2015
"Searcy, AR Micro Area",30826,1700,5431,6013,4535,2689,1174,3169,104,888,1437,2020,1666,2015
"Seattle-Tacoma-Bellevue, WA Metro Area",1773998,29427,116115,177165,235099,254461,119741,281694,71062,97354,182947,152218,56715,2015
"Sebastian-Vero Beach, FL Metro Area",47781,1190,6038,9784,9002,5402,4205,5459,988,998,2103,1355,1257,2015
"Sebring, FL Metro Area",29584,449,4618,5519,5967,4945,596,4175,448,196,707,836,1128,2015
"Seneca, SC Micro Area",28573,1690,2199,5375,3787,3709,2389,2374,1169,871,1782,2386,842,2015
"Sevierville, TN Micro Area",44567,746,2823,6419,7862,6444,2960,6077,2259,1918,4408,1661,990,2015
"Sioux City, IA-NE-SD Metro Area",78328,4639,13086,15302,17501,10593,3852,5814,825,1367,2615,1502,1232,2015
"Sioux Falls, SD Metro Area",127325,4949,14332,24375,33019,22821,8253,9692,1387,1571,3639,2049,1238,2015
"Somerset, PA Micro Area",29843,1983,3281,4582,4665,4479,1767,3262,662,823,2026,1210,1103,2015
"South Bend-Mishawaka, IN-MI Metro Area",137586,5240,14773,22613,28485,22423,8938,16514,3428,4383,7121,2457,1211,2015
"Spartanburg, SC Metro Area",137887,4639,12890,21256,23911,21578,10345,23632,4565,3321,6455,3462,1833,2015
"Shawnee, OK Micro Area",27831,941,3222,5630,5745,3207,810,2283,446,1035,2746,1331,435,2015
"Sheboygan, WI Metro Area",56602,3963,8614,12904,12178,6965,2725,2871,661,1050,2616,1418,637,2015
"Shelby, NC Micro Area",38266,1661,4726,5692,7262,5207,2771,4132,511,1369,3422,899,614,2015
"Sherman-Denison, TX Metro Area",54440,1568,8952,9732,7793,6458,2224,5119,2020,954,3601,4600,1419,2015
"Show Low, AZ Micro Area",28576,2612,6498,4684,4038,2880,1367,1822,326,690,1564,1443,652,2015
"Shreveport-Bossier City, LA Metro Area",183168,5125,17568,28422,38062,35714,12303,23815,2356,2158,7981,6344,3320,2015
"Sierra Vista-Douglas, AZ Metro Area",41122,3491,6812,7293,6579,6893,835,3401,440,1251,1755,1309,1063,2015
"Spokane-Spokane Valley, WA Metro Area",216168,6780,26496,31639,41481,37269,17468,25383,3237,5265,11922,5411,3817,2015
"Springfield, IL Metro Area",95116,4148,13928,18701,20582,14871,6561,7372,1203,966,1943,3436,1405,2015
"Springfield, MA Metro Area",284987,9404,30434,45016,47071,46749,21137,36818,8143,8793,18662,8727,4033,2015
"Springfield, MO Metro Area",198828,5422,19980,31056,40356,33618,14626,28246,4467,4999,8428,4251,3379,2015
"Springfield, OH Metro Area",57051,2382,7199,9559,9865,8565,3871,5899,2075,1917,3346,1537,836,2015
"State College, PA Metro Area",72285,2461,10356,14721,12525,12531,3965,6951,1851,1578,2750,1434,1162,2015
"Statesboro, GA Micro Area",30280,2834,5322,6108,5112,3104,726,1852,329,680,1652,2116,445,2015
"Staunton-Waynesboro, VA Metro Area",52304,1605,7370,7570,6253,10993,4915,5613,1391,1696,2468,1541,889,2015
"Stevens Point, WI Micro Area",35896,1443,6995,7730,6450,4698,1602,2093,929,586,1816,1042,512,2015
"Stillwater, OK Micro Area",34479,2940,7533,8587,5934,3191,843,2269,176,144,1399,1149,314,2015
"Stockton-Lodi, CA Metro Area",271229,7189,26472,38694,43590,32343,17502,27073,5153,7708,18242,25532,21731,2015
"Sumter, SC Metro Area",43784,2282,3920,10798,8874,5545,1361,4281,743,450,2264,2240,1026,2015
"Sunbury, PA Micro Area",38662,1429,4869,6234,6068,6043,2154,3832,956,1337,2263,2248,1229,2015
"Syracuse, NY Metro Area",293371,11679,33776,49778,54386,56551,19280,28327,7182,6963,12041,8467,4941,2015
"Talladega-Sylacauga, AL Micro Area",31921,2060,3232,4792,4880,4085,2277,3090,212,475,3221,2175,1422,2015
"Tallahassee, FL Metro Area",165496,5408,14000,24954,34048,29070,8550,22166,4709,5801,8534,4386,3870,2015
"Tampa-St. Petersburg-Clearwater, FL Metro Area",1246197,25024,101068,156978,189228,198828,79590,180135,39698,50544,119963,76725,28416,2015
"Terre Haute, IN Metro Area",69207,2237,9250,11451,12951,10401,3986,6823,1262,1876,4242,2713,2015,2015
"Texarkana, TX-AR Metro Area",55431,2761,8859,14011,10810,7400,1334,4354,533,453,2707,983,1226,2015
"The Villages, FL Metro Area",21342,404,2998,4464,5500,1905,701,1910,351,381,1002,1164,562,2015
"Toledo, OH Metro Area",272857,9596,35128,42735,49741,50333,22832,30036,5429,6281,9816,6964,3966,2015
"Topeka, KS Metro Area",104919,4714,13108,20753,23867,14506,6144,9059,2117,2165,3948,3326,1212,2015
"Torrington, CT Micro Area",90178,3545,8639,12391,10398,12121,6821,9832,3449,4514,8219,6674,3575,2015
"Traverse City, MI Micro Area",67403,2763,8031,12237,13079,9423,3978,8628,1024,1572,3254,2342,1072,2015
"Trenton, NJ Metro Area",168484,5051,15066,22883,33514,30039,8753,14540,1660,6414,8926,11460,10178,2015
"Truckee-Grass Valley, CA Micro Area",36508,2057,6573,6590,5837,3412,2158,2622,891,1055,1740,1695,1878,2015
"Tucson, AZ Metro Area",404359,8666,36809,53813,64287,68472,32015,63231,13102,14088,27473,15416,6987,2015
"Tullahoma-Manchester, TN Micro Area",41975,1756,5726,7282,5657,5497,2762,5848,967,795,2165,2325,1195,2015
"Tulsa, OK Metro Area",440674,12530,50099,67549,83297,82371,31767,58044,10886,10032,19099,10133,4867,2015
"Tupelo, MS Micro Area",59293,1314,6294,9444,11389,11410,5151,7734,1370,781,1866,2084,456,2015
"Tuscaloosa, AL Metro Area",93808,1941,6654,13893,16399,20285,8692,11474,2073,3020,4427,3745,1205,2015
"Twin Falls, ID Micro Area",46567,3684,11132,10483,7249,4724,2226,4027,153,324,1169,425,971,2015
"Tyler, TX Metro Area",94991,2421,10360,11338,12937,19378,6472,18758,2603,1054,5723,2261,1686,2015
"Ukiah, CA Micro Area",31957,2275,6797,6201,6204,3224,886,2325,122,404,879,1208,1432,2015
"Urban Honolulu, HI Metro Area",485026,9313,35179,52951,66091,71965,22740,86922,12608,22062,45749,45979,13467,2015
"Utica-Rome, NY Metro Area",120311,5989,17860,22829,20724,18795,6766,10789,2019,3424,4962,3726,2428,2015
"Valdosta, GA Metro Area",54968,1686,6308,10507,12718,9780,3236,5820,764,484,2114,318,1233,2015
"Vallejo-Fairfield, CA Metro Area",184238,3584,17969,28553,24771,18230,8536,19934,6509,7484,17959,19626,11083,2015
"Victoria, TX Metro Area",42503,1780,5972,10884,8226,5092,2400,2006,682,595,2846,1277,743,2015
"Vineland-Bridgeton, NJ Metro Area",62843,1352,5585,13752,10132,7303,6042,8021,1348,1768,3771,3010,759,2015
"Virginia Beach-Norfolk-Newport News, VA-NC Metro Area",814436,18744,64286,105975,140031,139003,65794,120424,27830,28069,58940,31508,13832,2015
"Visalia-Porterville, CA Metro Area",159691,4067,21895,24592,25271,22792,8384,20686,2607,6010,10179,7890,5318,2015
"Waco, TX Metro Area",110867,3350,12491,20713,27781,18312,5094,11790,2013,2024,3568,2036,1695,2015
"Walla Walla, WA Metro Area",25816,2313,7207,6950,4109,1170,695,1408,77,444,209,1028,206,2015
"Warner Robins, GA Metro Area",80514,1768,8642,12494,17865,11021,6994,13679,2319,1925,2079,423,1305,2015
"Kalamazoo-Portage, MI Metro Area",155980,5775,18971,28550,29838,24649,10866,15140,5022,3509,5645,5238,2777,2015
"Kalispell, MT Micro Area",40314,1826,5976,8431,6236,5566,2527,5634,466,540,1946,662,504,2015
"Kankakee, IL Metro Area",46080,2466,8719,7083,6634,6295,1247,3420,934,2041,1801,2863,2577,2015
"Kansas City, MO-KS Metro Area",982063,23496,102834,140821,160187,168011,76921,146548,30619,33735,63444,26442,9005,2015
"Kapaa, HI Micro Area",34000,859,3392,5324,5719,3743,1615,7581,579,596,2992,1227,373,2015
"Keene, NH Micro Area",34980,1196,6337,5939,4570,5599,2114,3230,409,707,2193,1832,854,2015
"Kennewick-Richland, WA Metro Area",116294,3304,14823,21924,25299,18108,5018,10091,1835,4127,5974,4391,1400,2015
"Key West, FL Micro Area",38641,2676,6219,10006,5755,5122,1379,3026,717,636,1683,977,445,2015
"Killeen-Temple, TX Metro Area",181010,6827,27722,34346,36969,24998,8652,17005,2743,4324,7780,5636,4008,2015
"Kingsport-Bristol-Bristol, TN-VA Metro Area",122831,3749,11820,21376,21939,20748,8091,15162,3494,3472,7845,3622,1513,2015
"Kingston, NY Metro Area",79189,3716,7421,11571,9489,11397,4396,10403,1548,3185,7549,4669,3845,2015
"Klamath Falls, OR Micro Area",24339,1653,5067,6614,4459,2474,982,663,280,187,1067,785,108,2015
"Knoxville, TN Metro Area",374499,7925,34246,52752,62822,66426,30966,56416,10200,11319,24788,10858,5781,2015
"Laredo, TX Metro Area",101909,2270,11266,20131,23009,15674,5418,12707,1121,1788,4660,1921,1944,2015
"Las Cruces, NM Metro Area",86171,2621,10641,14552,21233,14129,4457,8094,1010,1571,3486,2730,1647,2015
"Las Vegas-Henderson-Paradise, NV Metro Area",928420,11412,52839,100496,156002,191055,87449,187724,23049,31307,44222,24914,17951,2015
"Laurel, MS Micro Area",32105,728,2138,5642,8835,4860,890,4276,949,578,1404,1169,636,2015
"Lawrence, KS Metro Area",60089,2700,9856,15248,10834,3262,2306,4474,1145,2436,5496,2105,227,2015
"Kokomo, IN Metro Area",34308,1847,7057,8031,5176,3599,1198,2079,172,213,2472,1846,618,2015
"La Crosse-Onalaska, WI-MN Metro Area",70000,3655,9972,14629,12118,13727,4901,3231,1455,1553,3177,882,700,2015
"Lafayette, LA Metro Area",215721,10444,25677,35079,34824,34488,11226,30210,3678,4461,8471,8395,8768,2015
"Lafayette-West Lafayette, IN Metro Area",103555,2819,15731,22372,23650,17788,4319,5951,1345,2227,4000,2527,826,2015
"LaGrange, GA Micro Area",26286,1081,2010,4256,4322,5312,921,2679,595,845,1824,1539,902,2015
"Lake Charles, LA Metro Area",90338,4194,12457,13881,21741,14344,6263,7953,1791,595,2576,2174,2369,2015
"Lake City, FL Micro Area",25033,436,3766,3329,3924,4314,2660,1289,258,989,2503,903,662,2015
"Lake Havasu City-Kingman, AZ Metro Area",67464,2576,15668,15737,12558,5812,2991,3314,718,1271,2939,2175,1705,2015
"Lakeland-Winter Haven, FL Metro Area",243899,5208,17471,33798,47091,43475,12631,32616,7147,7570,20110,13066,3716,2015
"Lancaster, PA Metro Area",247385,8725,30678,40941,39350,39203,16231,28773,7870,5974,15633,9594,4413,2015
"Lansing-East Lansing, MI Metro Area",215001,6247,23787,38350,46532,35813,15701,21881,4461,3911,8666,6377,3275,2015
"Lawton, OK Metro Area",55698,2419,10182,12536,13464,8452,2147,3061,1074,355,891,849,268,2015
"Lebanon, PA Metro Area",62313,2871,7771,10829,10259,8095,2812,7374,1926,2304,3979,2575,1518,2015
"Lewiston, ID-WA Metro Area",26016,2226,4804,7588,4892,2469,861,860,31,456,885,554,390,2015
"Lewiston-Auburn, ME Metro Area",51403,2162,6073,8935,8484,5507,2978,4244,2436,1966,5745,1820,1053,2015
"Lexington-Fayette, KY Metro Area",235273,7782,26528,33755,44213,43163,15839,31419,6802,5046,11323,5424,3979,2015
"Lima, OH Metro Area",48217,2276,6293,9840,10430,7684,2859,3394,976,571,1891,1325,678,2015
"Lincoln, NE Metro Area",169187,5861,23920,32713,40713,27758,10986,13179,2135,2342,5129,3127,1324,2015
"Little Rock-North Little Rock-Conway, AR Metro Area",324841,10642,30551,49829,54894,55221,21276,46042,8113,11435,21219,10986,4633,2015
"Logan, UT-ID Metro Area",58495,3825,14254,14286,8594,5011,1541,2944,888,689,2861,1918,1684,2015
"London, KY Micro Area",44248,1394,5886,8734,10697,5951,1543,4806,913,250,1140,1874,1060,2015
"Longview, TX Metro Area",87184,2877,14459,15561,13086,12920,4193,12171,1577,1998,4740,1806,1796,2015
"Manitowoc, WI Micro Area",39343,2758,8435,7498,6026,4879,2069,2701,857,1229,1968,528,395,2015
"Mankato-North Mankato, MN Metro Area",51436,2387,10486,12619,11862,4855,1640,2679,499,812,1284,1145,1168,2015
"Mansfield, OH Metro Area",49912,1625,7033,9748,9576,7106,3348,4064,1119,663,1881,1793,1956,2015
"Marinette, WI-MI Micro Area",29005,2551,5229,5712,4352,3223,1438,2028,835,624,1433,724,856,2015
"Marion, IN Micro Area",28762,2204,5326,7482,4493,3899,1369,1126,97,551,735,1394,86,2015
"Longview, WA Metro Area",40390,1372,4315,7902,7462,4689,2105,2964,1082,868,2586,3553,1492,2015
"Los Angeles-Long Beach-Anaheim, CA Metro Area",5899773,72742,359912,653047,827885,853055,325472,1036409,155041,280590,599941,537179,198500,2015
"Louisville/Jefferson County, KY-IN Metro Area",586072,11967,45103,74306,100537,104482,50868,95711,21219,19737,36600,17696,7846,2015
"Lubbock, TX Metro Area",142248,5483,20782,35389,34007,21075,5146,8197,1469,1157,3906,3078,2559,2015
"Lufkin, TX Micro Area",34273,1201,6184,6889,7594,5021,1431,3561,111,668,626,317,670,2015
"Lumberton, NC Micro Area",46008,1680,4608,6731,8660,7087,2843,6186,1310,1085,2393,2131,1294,2015
"Lynchburg, VA Metro Area",112909,3113,12176,20040,19019,16601,7115,13236,3355,3735,7699,4349,2471,2015
"Macon, GA Metro Area",87499,2827,6699,11189,16370,19269,5296,11027,2242,2110,5611,2300,2559,2015
"Madera, CA Metro Area",50539,1358,4540,8321,6118,6232,2335,9808,1841,3377,3312,1750,1547,2015
"Madison, WI Metro Area",340001,11069,42677,57990,56132,53770,27574,43594,8614,10545,15651,8539,3846,2015
"Manchester-Nashua, NH Metro Area",201942,4596,18427,30824,26429,27739,10052,24470,6954,9117,18350,16992,7992,2015
"Manhattan, KS Metro Area",48302,2993,11427,12709,7198,4991,1941,2910,866,637,1325,821,484,2015
"Warsaw, IN Micro Area",35754,2329,5294,7084,6709,5178,2271,3000,639,760,1108,846,536,2015
"Washington-Arlington-Alexandria, DC-VA-MD-WV Metro Area",3059053,39620,148044,254913,340428,366011,178436,469589,126860,183787,422734,395013,133618,2015
"Waterloo-Cedar Falls, IA Metro Area",83686,4896,16427,17018,16518,11687,4597,5626,1340,1232,1191,1740,1414,2015
"Watertown-Fort Atkinson, WI Micro Area",42573,2996,7381,5164,5308,4611,3191,4351,1676,1659,3690,1985,561,2015
"Watertown-Fort Drum, NY Metro Area",51627,4054,9770,11607,8578,7056,2373,4287,830,715,1538,462,357,2015
"Wausau, WI Metro Area",67207,3138,9427,15319,13278,10422,4316,4652,1179,1056,2450,1002,968,2015
"Weirton-Steubenville, WV-OH Metro Area",51410,2681,7471,7567,7348,6743,3275,4999,1006,1722,3853,3573,1172,2015
"Wenatchee, WA Metro Area",48683,2490,8787,9804,11539,7057,1801,3308,1010,1119,516,960,292,2015
"Wheeling, WV-OH Metro Area",58533,2702,7974,9040,13582,8206,3580,4491,1313,854,3298,1906,1587,2015
"Whitewater-Elkhorn, WI Micro Area",49357,2366,8173,7980,7127,5540,2287,4940,1434,1331,4109,3192,878,2015
"Wichita, KS Metro Area",294319,9729,38186,53039,61432,56032,20836,28286,5238,4718,8937,4294,3592,2015
"Wichita Falls, TX Metro Area",64841,3029,14068,17188,17057,6401,1135,2581,391,115,760,1188,928,2015
"Williamsport, PA Metro Area",53476,2902,9504,9442,9956,8508,2534,4538,697,838,1999,1319,1239,2015
"Wilmington, NC Metro Area",118427,3005,13693,22637,24351,20196,7629,13275,1927,2185,4789,2567,2173,2015
"Wilson, NC Micro Area",34213,1203,4794,7785,7462,4118,1512,2136,743,1480,1265,643,1072,2015
"Winchester, VA-WV Metro Area",59248,1177,5519,7940,10997,7728,2444,5892,455,1557,5699,5489,4351,2015
"Winston-Salem, NC Metro Area",276655,6039,24437,46216,53301,45078,19027,35149,9243,7640,16455,7904,6166,2015
"Wisconsin Rapids-Marshfield, WI Micro Area",34209,1739,7568,8227,5663,3566,1692,1903,732,941,814,637,727,2015
"Wooster, OH Micro Area",51975,6018,5952,7872,9702,6109,3761,5184,1341,1176,3223,1110,527,2015
"Worcester, MA-CT Metro Area",436267,9524,42957,55200,61783,57010,27868,57402,13039,19150,42778,36345,13211,2015
"Yakima, WA Metro Area",97511,5650,16819,16883,22941,13143,4892,7960,1022,1542,4055,1613,991,2015
"York-Hanover, PA Metro Area",211592,5845,21332,27865,30133,29419,17803,25202,7922,8677,17333,15203,4858,2015
"Youngstown-Warren-Boardman, OH-PA Metro Area",227685,11106,32612,38829,40685,35457,16892,18148,5255,6077,10621,7723,4280,2015
"Yuba City, CA Metro Area",61622,2706,5433,9752,10955,6317,2942,5960,1712,2260,7609,4656,1320,2015
"Yuma, AZ Metro Area",71691,3727,9880,13636,13937,12467,4512,6894,588,1766,2379,1269,636,2015
"Zanesville, OH Micro Area",37662,2076,4059,7141,5521,6359,2119,3123,705,1233,2718,2021,587,2015
